MILEAGE LOG,,,,,,,
,,,,,,,
Employee ID :,,,Name :,,,,
,,,,,,,
Title :,,,Dept. :,,,,
,,,,,,,
Vehicle ID :,,,Period :,5-Jun-09,to,10-Jun-09,
,,,,,,,
Rate :,0.5, USD per Mile,Total Mileage :,64,Total Rate :,USD,32
,,,,,,,
Date,Starting Place,Destination,Purpose,Start Mile,End Mile,Mileage,Rate
5-Jun-09,ABC Company,Wall Street Building,Meeting,75993,76050,57,28.5
5-Jun-09,Wall Street Building,Kentucky Building,Meeting,76050,76057,7,3.5
,,,,,,,
,,,,,,,
,,,,,,,
,,,,,,,
,,,,,,,
,,,,,,,
,,,,,,,
,,,,,,,
,,,,,,,
,,,,,,,
,,,,,,,
,,,,,,,
,,,,,,,
,,,,,,,
,,,,,,,
,,,,,,,
,,,,,,,
,,,,,,,
,,,,,,,
,,,,,,,
,,,,,,,
,,,,,,,
,,,,,,,
,,,,,,,
,,,,,,,
,,,,,,,
,,,,,,,
,,,,,,,
,,,,,,,
,,,,,,,
,,,,,,,
,,,,,,,
,,,,,,,
,,,,,,,
,,,,,,,
,,,,,,,
,,,,,,,
Notes :,,,,,,,
,,,,,,,
,,,,,,,
,,,,,,,
Signature of Employee :  ,, ,,,Date:   ,,
,,,,,,,
Signature of Supervisor :  ,, ,,,Date:   ,,
,,,,,,,
VISIT EXCELTEMPLATE.NET FOR MORE TEMPLATES AND UPDATES,,,,,,,
